name,snaïve,holt-winters,ar,sarima,var,svm,rf,xgb,mlp,lstm
h = 3,17.8666666666667,8.110520543991544,7.133853423673674,2.1721305026093436,2.895226652249451,6.159155011523542,6.171213333333303,7.473008041381849,21.123124208119947,6.294864301670261
h = 9,6.081510081510083,9.119436252117072,5.35936166682667,0.9465588548370384,2.8265143240205544,2.939078830379317,2.179487887887905,2.47345001469452,8.83572623077785,5.34451127335425
h = 12,6.6287148594377525,3.819568336321374,3.0789321956785773,1.189790320890565,5.834688866213198,1.784820635792381,1.6117893574297408,1.9896517688490785,5.040285300882784,2.1215424439702644
h = 24,3.730215531424811,3.050382188805015,3.0244303707972944,2.9108909727330037,2.5577065532351257,2.7123269660791705,1.320734005155208,1.2869445105727155,6.623561596231446,2.801254051636357
