.pred,.row,key
4.538840398077482,1,ar
4.436766800467655,2,ar
4.422250906963086,3,ar
4.448860468152505,4,ar
4.493196991388578,5,ar
4.543611850697672,6,ar
4.594436543318819,7,ar
4.643033797330942,8,ar
4.688291602355589,9,ar
4.729855208475944,10,ar
4.76773644628004,11,ar
4.802115875207858,12,ar
