.pred,.row,key
3.7604088718406077,1,snaïve
3.8646581613335123,2,snaïve
3.970128000703503,3,snaïve
