.pred,.row,key
5.736834210524021,1,snaïve
5.664471550513187,2,snaïve
5.609586761431545,3,snaïve
5.565277265513268,4,snaïve
5.527895033565613,5,snaïve
5.495448361448299,6,snaïve
5.466794925646929,7,snaïve
5.441233732613073,8,snaïve
5.418298215460272,9,snaïve
