.pred,.row,key
3.9980608687841306,1,HW
4.1008556816908905,2,HW
3.862528653521802,3,HW
