.pred,.row,ipc
6.251703332832262,196,5.2
6.601293665314323,197,5.17
6.714922147176771,198,3.91
6.769447555966664,199,3.82
7.441524122985067,200,3.62
7.305565534801969,201,3.67
5.6113338865634494,202,2.96
6.935378680622847,203,2.89
7.503186971486554,204,3.07
