.pred,.row,ipc
4.577983205193583,193,5.24
5.051459482915863,194,6
6.654121242051547,195,5.84
6.391427429828511,196,5.2
7.303930267045917,197,5.17
7.271039717422561,198,3.91
7.2694561944199005,199,3.82
7.7331319005902435,200,3.62
7.3372487675670115,201,3.67
5.707226855097118,202,2.96
7.017986833043218,203,2.89
7.540169436186516,204,3.07
