.pred,.row,ipc
3.752800315337176,202,2.96
4.1487140406000576,203,2.89
4.416175416922892,204,3.07
