ipc,.pred
2.96,3.6813477568848025
2.89,3.7828764869347244
3.07,3.8163498693068165
