.pred,.row,ipc
5.6717490489763405,193,5.24
5.964838928826057,194,6
6.08337865454758,195,5.84
5.352434830708847,196,5.2
4.621407191000073,197,5.17
3.7445145630810184,198,3.91
3.6725443202738877,199,3.82
4.334132827565252,200,3.62
4.963848014223201,201,3.67
4.9473016397701794,202,2.96
4.335382694974729,203,2.89
4.347317655990649,204,3.07
