.pred,.row,ipc
4.805324554443359,202,2.96
5.118175983428955,203,2.89
4.943478584289551,204,3.07
