.pred,.row,ipc
1.9230130910873413,193,5.24
3.839940071105957,194,6
10.390649795532227,195,5.84
14.49216079711914,196,5.2
11.612983703613281,197,5.17
10.132643699645996,198,3.91
8.982687950134277,199,3.82
7.114128589630127,200,3.62
7.622278213500977,201,3.67
6.190787315368652,202,2.96
7.129556179046631,203,2.89
7.792932510375977,204,3.07
