.pred,.row,ipc
12.222214698791504,196,5.2
9.106677055358887,197,5.17
8.453776359558105,198,3.91
7.818572998046875,199,3.82
6.8742241859436035,200,3.62
7.094050884246826,201,3.67
10.244336128234863,202,2.96
7.443187236785889,203,2.89
6.518281936645508,204,3.07
