.pred,.row,ipc
3.294577356354068,202,2.96
3.415134759185861,203,2.89
3.5139412687264002,204,3.0700000000000003
