.pred,.row,ipc
4.729657510865255,196,5.2
3.855914738113594,197,5.17
3.4285545547330756,198,3.91
3.511712497449352,199,3.82
4.0974106032826185,200,3.62
4.8813677997198,201,3.67
5.002484312978241,202,2.96
4.502752005553493,203,2.89
4.744684836678539,204,3.07
