.pred,.row,ipc
4.226804238666553,202,2.96
3.7862320126920523,203,2.89
3.8973777906555194,204,3.0700000000000003
