.pred,.row,ipc
3.75988983333333,202,2.96
3.778986999999997,203,2.89
3.8966813333333357,204,3.07
