.pred,.row,key
2.9806691288844513,1,sarima
2.498779390696508,2,sarima
2.667340799709441,3,sarima
