.pred,.row,ipc
5.61533754662725,193,5.24
6.053571245606751,194,6
5.957201346151806,195,5.84
5.487527384229151,196,5.2
5.410615774856834,197,5.17
4.323628634705836,198,3.91
4.449612944679693,199,3.82
4.408878261586701,200,3.62
4.696251990414503,201,3.67
4.1804004256645975,202,2.96
4.304530963188883,203,2.89
4.58281326978441,204,3.07
