.pred,.row,ipc
5.55475855025378,196,5.2
5.529557938839663,197,5.17
4.490495531387747,198,3.91
4.600814523761237,199,3.82
4.526946100723904,200,3.62
4.771393186692274,201,3.67
4.296582454476532,202,2.96
4.407024974485692,203,2.89
4.696167681396905,204,3.07
