.pred,.row,ipc
3.530745539906685,202,2.96
3.6615437893375415,203,2.89
4.037393800077098,204,3.07
