.pred,.row,ipc
3.376887157636185,202,2.96
3.4466068911616827,203,2.89
3.704029348038823,204,3.07
