.row,.pred,key
1,1.2343826556483593,var
2,0.7771574746468435,var
3,0.4079978265469761,var
