.row,.pred,key
1,3.3746471738446537,var
2,3.268066720436225,var
3,3.3629961003126634,var
