.row,.pred,key
1,5.205746824065905,var
2,6.183840569631343,var
3,5.988478932853582,var
4,6.750705573838154,var
5,7.68411632408421,var
6,9.011149801706402,var
7,8.17757419688992,var
8,8.193797637992946,var
9,8.58853909782909,var
