.pred,.row,ipc
3.9255030155181885,202,2.96
3.9154646396636963,203,2.89
4.101921081542969,204,3.07
