.pred,.row,ipc
5.61077880859375,196,5.2
5.7051286697387695,197,5.17
4.7162957191467285,198,3.91
4.733621120452881,199,3.82
4.420480251312256,200,3.62
4.561774253845215,201,3.67
3.9186911582946777,202,2.96
3.8362913131713867,203,2.89
4.013953685760498,204,3.07
