.pred,.row,ipc
3.8581113815307617,202,2.96
3.83434796333313,203,2.89
4.029918670654297,204,3.07
