.pred,.row,ipc
5.595210075378418,196,5.2
5.767955780029297,197,5.17
4.924561500549316,198,3.91
5.0191850662231445,199,3.82
4.743321418762207,200,3.62
4.807851314544678,201,3.67
4.350425720214844,202,2.96
4.287209987640381,203,2.89
4.3427324295043945,204,3.07
