.pred,.row,ipc
3.9605350494384766,202,2.96
3.9012415409088135,203,2.89
4.081583499908447,204,3.07
