.pred,.row,ipc
5.439521789550781,193,5.24
6.13533353805542,194,6
5.786143779754639,195,5.84
5.524781227111816,196,5.2
5.747407913208008,197,5.17
4.797070503234863,198,3.91
4.851707458496094,199,3.82
4.607589244842529,200,3.62
4.67957878112793,201,3.67
4.271416664123535,202,2.96
4.190279483795166,203,2.89
4.259153366088867,204,3.07
