.pred,.row,ipc
5.444498062133789,193,5.24
6.204588413238525,194,6
6.087433338165283,195,5.84
5.982394218444824,196,5.2
5.795942783355713,197,5.17
4.923587322235107,198,3.91
4.923587322235107,199,3.82
4.906136512756348,200,3.62
5.360942363739014,201,3.67
4.834826946258545,202,2.96
4.9790873527526855,203,2.89
5.111240386962891,204,3.07
